site,site2,setting,date
VAR029,VAR029,VAR,2021-07-02
VAR027,VAR027,VAR,2021-07-04
VAR041,VAR041,VAR,2021-07-05
VAR014,VAR014,VAR,2021-07-02
VAR053,VAR053,VAR,2021-07-02
VAR011,VAR011,VAR,2021-07-02
VAR025,VAR025,VAR,2021-07-05
VAR031,VAR031,VAR,2021-07-05
VAR050,VAR050,VAR,2021-07-05
VAR012,VAR012,VAR,2021-07-05
VAR016,VAR016,VAR,2021-07-05
VAR007,VAR007,VAR,2021-07-05
VAR002,VAR002,VAR,2021-07-05
VAR054,VAR054,VAR,2021-07-05
VAR052,VAR052,VAR,2021-07-05
VAR022,VAR022,VAR,2021-07-06
VAR001,VAR001,VAR,2021-07-06
VAR035,VAR035,VAR,2021-07-06
VAR006,VAR006,VAR,2021-07-09
VAR037,VAR037,VAR,2021-07-09
VAR044,VAR044,VAR,2021-07-09
VAR005,VAR005,VAR,2021-07-09
VAR017,VAR017,VAR,2021-07-09
VAR045,VAR045,VAR,2021-07-09
VAR039,VAR039,VAR,2021-07-09
VAR008,VAR008,VAR,2021-07-09
VAR038,VAR038,VAR,2021-07-09
VAR018,VAR018,VAR,2021-07-09
VAR021,VAR021,VAR,2021-07-09
VAR048,VAR048,VAR,2021-07-09
VAR036,VAR036,VAR,2021-07-09
VAR042,VAR042,VAR,2021-07-09
VAR032,VAR032,VAR,2021-07-09
VAR046,VAR046,VAR,2021-07-04
VAR051,VAR051,VAR,2021-07-04
VAR047,VAR047,VAR,2021-07-04
VAR028,VAR028,VAR,2021-07-04
VAR003,VAR003,VAR,2021-07-04
VAR040,VAR040,VAR,2021-07-04
VAR030,VAR030,VAR,2021-07-03
VAR010,VAR010,VAR,2021-07-03
VAR004,VAR004,VAR,2021-07-03
VAR026,VAR026,VAR,2021-07-03
VAR023,VAR023,VAR,2021-07-03
VAR033,VAR033,VAR,2021-07-03
VAR015,VAR015,VAR,2021-07-03
VAR020,VAR020,VAR,2021-07-03
OUL058,OUL058,OUL,2023-06-29
OUL060,OUL060,OUL,2023-06-23
OUL059,OUL059,OUL,2023-06-23
OUL027,OUL027,OUL,2023-06-27
OUL026,OUL026,OUL,2023-06-27
OUL018,OUL018,OUL,2023-06-23
OUL019,OUL019,OUL,2023-06-23
OUL022,OUL022,OUL,2023-06-27
OUL023,OUL023,OUL,2023-06-27
OUL020,OUL020,OUL,2023-06-23
OUL021,OUL021,OUL,2023-06-23
OUL024,OUL024,OUL,2023-06-27
OUL025,OUL025,OUL,2023-06-27
OUL028,OUL028,OUL,2023-06-23
OUL068,OUL068,OUL,2023-06-27
OUL102,OUL102,OUL,2023-06-27
OUL103,OUL103,OUL,2023-06-27
OUL063,OUL063,OUL,2023-06-27
OUL013,OUL013,OUL,2023-06-28
OUL014,OUL014,OUL,2023-06-28
OUL015,OUL015,OUL,2023-06-28
OUL016,OUL016,OUL,2023-06-28
OUL012,OUL012,OUL,2023-06-28
OUL070,OUL070,OUL,2023-06-28
OUL071,OUL071,OUL,2023-06-28
OUL074,OUL074,OUL,2023-06-28
OUL072,OUL072,OUL,2023-06-28
OUL073,OUL073,OUL,2023-06-28
OUL051,OUL051,OUL,2023-06-29
OUL050,OUL050,OUL,2023-06-29
OUL052,OUL052,OUL,2023-06-29
OUL049,OUL049,OUL,2023-06-29
OUL053,OUL053,OUL,2023-06-29
OUL054,OUL054,OUL,2023-06-29
OUL047,OUL047,OUL,2023-06-29
OUL048,OUL048,OUL,2023-06-29
OUL055,OUL055,OUL,2023-06-29
OUL036,OUL036,OUL,2023-06-25
OUL006,OUL006,OUL,2023-06-25
OUL005,OUL005,OUL,2023-06-25
OUL035,OUL035,OUL,2023-06-25
OUL007,OUL007,OUL,2023-06-25
OUL069,OUL069,OUL,2024-06-25
OUL101,OUL101,OUL,2024-06-25
OUL064,OUL064,OUL,2024-06-25
OUL063,OUL063,OUL,2024-06-25
OUL062,OUL062,OUL,2024-06-25
OUL061,OUL061,OUL,2024-06-25
OUL057,OUL057,OUL,2024-06-25
OUL004,OUL004,OUL,2024-06-26
OUL002,OUL002,OUL,2024-06-26
OUL003,OUL003,OUL,2024-06-26
OUL088,OUL088,OUL,2024-06-28
OUL085,OUL085,OUL,2024-06-28
OUL105,OUL105,OUL,2024-06-28
OUL084,OUL084,OUL,2024-06-28
OUL083,OUL083,OUL,2024-06-28
OUL082,OUL082,OUL,2024-06-28
OUL081,OUL081,OUL,2024-06-28
OUL080,OUL080,OUL,2024-06-28
OUL079,OUL079,OUL,2024-06-28
OUL087,OUL087,OUL,2024-06-28
OUL086,OUL086,OUL,2024-06-28
OUL039,OUL039,OUL,2024-06-27
OUL046,OUL046,OUL,2024-06-27
OUL037,OUL037,OUL,2024-06-27
OUL038,OUL038,OUL,2024-06-27
OUL001,OUL001,OUL,2024-06-26
OUL034,OUL034,OUL,2024-06-26
OUL056,OUL056,OUL,2024-06-26
OUL041,OUL041,OUL,2024-06-26
OUL040,OUL040,OUL,2024-06-26
OUL030,OUL030,OUL,2024-06-26
OUL029,OUL029,OUL,2024-06-26
OUL033,OUL033,OUL,2024-06-26
OUL031,OUL031,OUL,2024-06-26
OUL042,OUL042,OUL,2024-06-26
OUL043,OUL043,OUL,2024-06-26
OUL044,OUL044,OUL,2024-06-27
OUL045,OUL045,OUL,2024-06-27
RAS001,RAS001,RAS,2023-07-29
RAS102,RAS102,RAS,2023-07-29
RAS104,RAS104,RAS,2023-07-29
RAS107,RAS107,RAS,2023-07-29
RAS109,RAS109,RAS,2023-07-29
RAS011,RAS011,RAS,2023-07-29
RAS110,RAS110,RAS,2023-07-28
RAS113,RAS113,RAS,2023-07-29
RAS116,RAS116,RAS,2023-07-29
RAS118,RAS118,RAS,2023-07-29
RAS012,RAS012,RAS,2023-07-29
RAS121,RAS121,RAS,2023-07-29
RAS123,RAS123,RAS,2023-07-29
RAS125,RAS125,RAS,2023-07-29
RAS015,RAS015,RAS,2023-07-29
RAS017,RAS017,RAS,2023-07-29
RAS022,RAS022,RAS,2023-07-29
RAS025,RAS025,RAS,2023-07-29
RAS027,RAS027,RAS,2023-07-29
RAS029,RAS029,RAS,2023-07-29
RAS003,RAS003,RAS,2023-07-29
RAS031,RAS031,RAS,2023-07-29
RAS036,RAS036,RAS,2023-07-29
RAS040,RAS040,RAS,2023-07-29
RAS042,RAS042,RAS,2023-07-29
RAS044,RAS044,RAS,2023-07-29
RAS046,RAS046,RAS,2023-07-29
RAS050,RAS050,RAS,2023-07-29
RAS052,RAS052,RAS,2023-07-29
RAS056,RAS056,RAS,2023-07-29
RAS060,RAS060,RAS,2023-07-29
RAS063,RAS063,RAS,2023-07-28
RAS064,RAS064,RAS,2023-07-28
RAS065,RAS065,RAS,2023-07-29
RAS066,RAS066,RAS,2023-07-29
RAS068,RAS068,RAS,2023-07-28
RAS070,RAS070,RAS,2023-07-29
RAS071,RAS071,RAS,2023-07-29
RAS073,RAS073,RAS,2023-07-29
RAS077,RAS077,RAS,2023-07-28
RAS079,RAS079,RAS,2023-07-29
RAS008,RAS008,RAS,2023-07-29
RAS083,RAS083,RAS,2023-07-29
RAS088,RAS088,RAS,2023-07-28
RAS092,RAS092,RAS,2023-07-29
RAS095,RAS095,RAS,2023-07-29
RAS097,RAS097,RAS,2023-07-29
RAS098,RAS098,RAS,2023-07-29
RAS099,RAS099,RAS,2023-07-28
MAT041,MAT041,MAT,2023-07-31
MAT042,MAT042,MAT,2023-07-31
MAT043,MAT043,MAT,2023-07-31
MAT018,MAT018,MAT,2023-07-31
MAT021,MAT021,MAT,2023-07-31
MAT019,MAT019,MAT,2023-07-31
MAT027,MAT027,MAT,2023-07-31
MAT029,MAT029,MAT,2023-07-31
MAT028,MAT028,MAT,2023-07-31
MAT031,MAT031,MAT,2023-07-31
MAT030,MAT030,MAT,2023-07-31
MAT026,MAT026,MAT,2023-07-31
MAT025,MAT025,MAT,2023-07-31
MAT024,MAT024,MAT,2023-07-31
MAT023,MAT023,MAT,2023-07-31
MAT022,MAT022,MAT,2023-07-31
MAT048,MAT048,MAT,2023-07-31
MAT047,MAT047,MAT,2023-07-31
MAT044,MAT044,MAT,2023-07-31
MAT046,MAT046,MAT,2023-07-31
MAT045,MAT045,MAT,2023-07-31
MAT007,MAT007,MAT,2023-07-30
MAT006,MAT006,MAT,2023-07-30
MAT005,MAT005,MAT,2023-07-30
MAT008,MAT008,MAT,2023-07-30
MAT009,MAT009,MAT,2023-07-30
MAT004,MAT004,MAT,2023-07-30
MAT001,MAT001,MAT,2023-07-30
MAT002,MAT002,MAT,2023-07-30
MAT003,MAT003,MAT,2023-07-30
MAT035,MAT035,MAT,2023-07-31
MAT034,MAT034,MAT,2023-07-31
MAT033,MAT033,MAT,2023-07-31
MAT032,MAT032,MAT,2023-07-31
MAT036,MAT036,MAT,2023-07-31
MAT037,MAT037,MAT,2023-07-31
MAT050,MAT050,MAT,2023-07-31
MAT049,MAT049,MAT,2023-07-31
MAT016,MAT016,MAT,2023-07-31
MAT017,MAT017,MAT,2023-07-31
MAT015,MAT015,MAT,2023-07-31
MAT014,MAT014,MAT,2023-07-31
MAT013,MAT013,MAT,2023-07-31
MAT012,MAT012,MAT,2023-07-31
MAT040,MAT040,MAT,2023-08-01
MAT010,MAT010,MAT,2023-08-01
MAT038,MAT038,MAT,2023-08-01
MAT039,MAT039,MAT,2023-08-01
MAT011,MAT011,MAT,2023-08-01
VIN022,VIN022,VIN,2023-08-08
VIN037,VIN037,VIN,2023-08-08
VIN028,VIN028,VIN,2023-08-08
VIN019,VIN019,VIN,2023-08-08
VIN029,VIN029,VIN,2023-08-08
VIN030,VIN030,VIN,2023-08-08
VIN027,VIN027,VIN,2023-08-08
VIN031,VIN031,VIN,2023-08-08
VIN011,VIN011,VIN,2023-08-08
VIN016,VIN016,VIN,2023-08-08
VIN032,VIN032,VIN,2023-08-08
VIN035,VIN035,VIN,2023-08-08
VIN033,VIN033,VIN,2023-08-08
VIN015,VIN015,VIN,2023-08-08
VIN052,VIN052,VIN,2023-08-08
VIN043,VIN043,VIN,2023-08-08
VIN036,VIN036,VIN,2023-08-08
VIN041,VIN041,VIN,2023-08-08
VIN042,VIN042,VIN,2023-08-08
VIN059,VIN059,VIN,2023-08-08
VIN058,VIN058,VIN,2023-08-08
VIN055,VIN055,VIN,2023-08-08
VIN038,VIN038,VIN,2023-08-08
VIN045,VIN045,VIN,2023-08-08
VIN044,VIN044,VIN,2023-08-08
VIN054,VIN054,VIN,2023-08-08
VIN039,VIN039,VIN,2023-08-08
VIN040,VIN040,VIN,2023-08-08
VIN034,VIN034,VIN,2023-08-08
VIN051,VIN051,VIN,2023-08-08
VIN056,VIN056,VIN,2023-08-08
VIN009,VIN009,VIN,2023-08-08
VIN010,VIN010,VIN,2023-08-08
VIN012,VIN012,VIN,2023-08-08
VIN014,VIN014,VIN,2023-08-08
VIN037,VIN037,VIN,2021-08-05
VIN032,VIN032,VIN,2021-08-05
VIN031,VIN031,VIN,2021-08-05
VIN050,VIN050,VIN,2021-08-05
VIN060,VIN060,VIN,2021-08-05
VIN047,VIN047,VIN,2021-08-05
VIN062,VIN062,VIN,2021-08-05
VIN048,VIN048,VIN,2021-08-05
VIN061,VIN061,VIN,2021-08-05
VIN049,VIN049,VIN,2021-08-05
VIN057,VIN057,VIN,2021-08-05
VIN063,VIN063,VIN,2021-08-05
VIN046,VIN046,VIN,2021-08-05
VIN064,VIN064,VIN,2021-08-05
VIN053,VIN053,VIN,2021-08-05
VIN019,VIN019,VIN,2021-08-08
VIN030,VIN030,VIN,2021-08-08
VIN028,VIN028,VIN,2021-08-07
VIN033,VIN033,VIN,2021-08-07
VIN054,VIN054,VIN,2021-08-08
VIN038,VIN038,VIN,2021-08-07
VIN055,VIN055,VIN,2021-08-07
VIN039,VIN039,VIN,2021-08-07
VIN040,VIN040,VIN,2021-08-07
VIN034,VIN034,VIN,2021-08-07
VIN010,VIN010,VIN,2021-08-07
VIN009,VIN009,VIN,2021-08-08
VIN056,VIN056,VIN,2021-08-07
VIN012,VIN012,VIN,2021-08-07
VIN014,VIN014,VIN,2021-08-08
VIN015,VIN015,VIN,2021-08-08
VIN043,VIN043,VIN,2021-08-08
VIN041,VIN041,VIN,2021-08-07
VIN042,VIN042,VIN,2021-08-06
VIN036,VIN036,VIN,2021-08-08
VIN045,VIN045,VIN,2021-08-08
VIN044,VIN044,VIN,2021-08-07
VIN016,VIN016,VIN,2021-08-06
VIN027,VIN027,VIN,2021-08-08
VIN058,VIN058,VIN,2021-08-08
VIN037,VIN037,VIN,2021-08-06
VIN031,VIN031,VIN,2021-08-06
VIN059,VIN059,VIN,2021-08-08
VIN022,VIN022,VIN,2021-08-08
VIN035,VIN035,VIN,2021-08-07
VIN052,VIN052,VIN,2021-08-07
VIN051,VIN051,VIN,2021-08-07
VIN050,VIN050,VIN,2021-08-07
K24,K24,KIL_ROS,2020-08-25
K23,K23,KIL_ROS,2020-08-26
K12,K12,KIL_ROS,2020-08-25
K11,K11,KIL_ROS,2020-08-25
K10,K10,KIL_ROS,2020-08-19
K09,K09,KIL_ROS,2020-08-19
K09,K09,KIL_ROS,2020-08-18
K34,K34,KIL_ROS,2020-08-25
K17,K17,KIL_ROS,2020-08-25
K27,K27,KIL_ROS,2020-08-25
K28,K28,KIL_ROS,2020-08-25
K18,K18,KIL_ROS,2020-08-25
K13,K13,KIL_ROS,2020-08-24
K33,K33,KIL_ROS,2020-08-24
K03,K03,KIL_ROS,2020-08-24
K14,K14,KIL_ROS,2020-08-24
K15,K15,KIL_ROS,2020-08-24
K15,K15,KIL_ROS,2020-08-25
K16,K16,KIL_ROS,2020-08-24
K32,K32,KIL_ROS,2020-08-25
K31,K31,KIL_ROS,2020-08-25
K25,K25,KIL_ROS,2020-08-21
K25,K25,KIL_ROS,2020-08-20
K26,K26,KIL_ROS,2020-08-21
K08,K08,KIL_ROS,2020-08-25
K07,K07,KIL_ROS,2020-08-25
K01,K01,KIL_ROS,2020-08-24
K02,K02,KIL_ROS,2020-08-25
K35,K35,KIL_ROS,2020-08-25
K04,K04,KIL_ROS,2020-08-24
K19,K19,KIL_ROS,2020-08-24
K20,K20,KIL_ROS,2020-08-25
K29,K29,KIL_ROS,2020-08-18
K30,K30,KIL_ROS,2020-08-19
K06,K06,KIL_ROS,2020-08-18
K05,K05,KIL_ROS,2020-08-21
K22,K22,KIL_ROS,2020-08-18
K21,K21,KIL_ROS,2020-08-21
RA023,RA023,KIL_RA,2020-07-23
RA024,RA024,KIL_RA,2020-07-23
RA025,RA025,KIL_RA,2020-08-08
RA026,RA026,KIL_RA,2020-08-08
RA026,RA026,KIL_RA,2020-08-09
RA017,RA017,KIL_RA,2020-08-06
RA018,RA018,KIL_RA,2020-07-23
RA019,RA019,KIL_RA,2020-08-07
RA019,RA019,KIL_RA,2020-08-06
RA020,RA020,KIL_RA,2020-08-07
RA021,RA021,KIL_RA,2020-08-07
RA022,RA022,KIL_RA,2020-08-07
RA009,RA009,KIL_RA,2020-07-23
RA010,RA010,KIL_RA,2020-07-23
RA011,RA011,KIL_RA,2020-07-23
RA012,RA012,KIL_RA,2020-07-23
RA013,RA013,KIL_RA,2020-07-26
RA014,RA014,KIL_RA,2020-07-25
RA001,RA001,KIL_RA,2020-07-23
RA002,RA002,KIL_RA,2020-07-23
RA003,RA003,KIL_RA,2020-07-23
RA004,RA004,KIL_RA,2020-07-23
RA005,RA005,KIL_RA,2020-07-23
RA015,RA015,KIL_RA,2020-07-25
RA006,RA006,KIL_RA,2020-07-23
RA007,RA007,KIL_RA,2020-07-23
RA008,RA008,KIL_RA,2020-07-23
RA016,RA016,KIL_RA,2020-07-29
MAL091,MAL091,KIL_MAL,2020-08-10
MAL082,MAL082,KIL_MAL,2020-08-11
MAL061,MAL061,KIL_MAL,2020-08-11
MAL061,MAL061,KIL_MAL,2020-08-10
MAL062,MAL062,KIL_MAL,2020-08-11
MAL071,MAL071,KIL_MAL,2020-08-11
MAL081,MAL081,KIL_MAL,2020-08-11
MAL041,MAL041,KIL_MAL,2020-08-10
MAL051,MAL051,KIL_MAL,2020-08-11
MAL042,MAL042,KIL_MAL,2020-08-17
MAL044,MAL044,KIL_MAL,2020-08-17
MAL054,MAL054,KIL_MAL,2020-08-18
MAL053,MAL053,KIL_MAL,2020-08-17
MAL052,MAL052,KIL_MAL,2020-08-18
MAL052,MAL052,KIL_MAL,2020-08-17
MAL045,MAL045,KIL_MAL,2020-08-17
MAL043,MAL043,KIL_MAL,2020-08-17
MAL002,MAL002,KIL_MAL,2020-08-23
MAL012,MAL012,KIL_MAL,2020-08-23
MAL001,MAL001,KIL_MAL,2020-08-22
MAL011,MAL011,KIL_MAL,2020-08-22
MAL004,MAL004,KIL_MAL,2020-08-22
MAL003,MAL003,KIL_MAL,2020-08-22
MAL007,MAL007,KIL_MAL,2020-08-23
MAL005,MAL005,KIL_MAL,2020-08-22
MAL005,MAL005,KIL_MAL,2020-08-23
MAL016,MAL016,KIL_MAL,2020-08-22
MAL006,MAL006,KIL_MAL,2020-08-21
MAL038,MAL038,KIL_MAL,2020-08-09
MAL072,MAL072,KIL_MAL,2020-08-11
MAL063,MAL063,KIL_MAL,2020-08-11
MAL099,MAL099,KIL_MAL,2020-08-12
MAL017,MAL017,KIL_MAL,2020-08-21
MAL017,MAL017,KIL_MAL,2020-08-22
MAL026,MAL026,KIL_MAL,2020-08-22
MAL015,MAL015,KIL_MAL,2020-08-21
MAL037,MAL037,KIL_MAL,2020-08-22
MAL027,MAL027,KIL_MAL,2020-08-22
MAL060,MAL060,KIL_MAL,2020-08-14
MAL050,MAL050,KIL_MAL,2020-08-15
MAL040,MAL040,KIL_MAL,2020-08-14
MAL040,MAL040,KIL_MAL,2020-08-15
MAL039,MAL039,KIL_MAL,2020-08-14
MAL088,MAL088,KIL_MAL,2020-08-11
MAL089,MAL089,KIL_MAL,2020-08-12
MAL080,MAL080,KIL_MAL,2020-08-12
MAL070,MAL070,KIL_MAL,2020-08-12
MAL030,MAL030,KIL_MAL,2020-08-09
MAL020,MAL020,KIL_MAL,2020-08-09
MAL100,MAL100,KIL_MAL,2020-08-14
MAL090,MAL090,KIL_MAL,2020-08-12
MAL029,MAL029,KIL_MAL,2020-08-09
MAL028,MAL028,KIL_MAL,2020-08-09
MAL079,MAL079,KIL_MAL,2020-08-14
MAL078,MAL078,KIL_MAL,2020-08-12
MI697,MI697,KIL_MI,2020-07-24
MI895,MI895,KIL_MI,2020-07-24
MI1057,MI1057,KIL_MI,2020-07-25
MI1105,MI1105,KIL_MI,2020-07-26
MI11226,MI11226,KIL_MI,2020-07-26
MI11228,MI11228,KIL_MI,2020-07-26
MI11227,MI11227,KIL_MI,2020-07-26
MI11229,MI11229,KIL_MI,2020-07-26
MI11230,MI11230,KIL_MI,2020-07-26
MI11231,MI11231,KIL_MI,2020-07-26
MI11232,MI11232,KIL_MI,2020-07-26
MI11233,MI11233,KIL_MI,2020-07-26
MI1117,MI1117,KIL_MI,2020-07-26
MI1195,MI1195,KIL_MI,2020-07-26
MI1069,MI1069,KIL_MI,2020-07-27
MI949,MI949,KIL_MI,2020-07-26
MI907,MI907,KIL_MI,2020-07-26
MI907,MI907,KIL_MI,2020-07-27
MI583,MI583,KIL_MI,2020-07-24
MI19,MI19,KIL_MI,2020-07-22
MI103,MI103,KIL_MI,2020-07-22
MI103,MI103,KIL_MI,2020-07-23
MI343,MI343,KIL_MI,2020-07-22
MI422,MI422,KIL_MI,2020-07-22
MI151,MI151,KIL_MI,2020-07-23
MI235,MI235,KIL_MI,2020-07-23
MI475,MI475,KIL_MI,2020-07-23
MI259,MI259,KIL_MI,2020-07-24
MI511,MI511,KIL_MI,2020-07-23
MI553,MI553,KIL_MI,2020-07-23
MI679,MI679,KIL_MI,2020-07-24
MI11216,MI11216,KIL_MI,2020-07-24
MI11214,MI11214,KIL_MI,2020-07-24
MI799,MI799,KIL_MI,2020-07-24
MI757,MI757,KIL_MI,2020-07-24
MI11225,MI11225,KIL_MI,2020-07-24
MI751,MI751,KIL_MI,2020-07-24
MI747,MI747,KIL_MI,2020-07-24
MI667,MI667,KIL_MI,2020-07-25
MI547,MI547,KIL_MI,2020-07-25
MI547,MI547,KIL_MI,2020-07-24
MI247,MI247,KIL_MI,2020-07-25
MI367,MI367,KIL_MI,2020-07-25
MI529,MI529,KIL_MI,2020-07-25
MI607,MI607,KIL_MI,2020-07-25
MI11219,MI11219,KIL_MI,2020-07-25
MI685,MI685,KIL_MI,2020-07-25
MI805,MI805,KIL_MI,2020-07-25
MI11208,MI11208,KIL_MI,2020-07-26
MI11204,MI11204,KIL_MI,2020-07-26
MI1043,MI1043,KIL_MI,2020-07-26
MI1123,MI1123,KIL_MI,2020-07-26
MI1123,MI1123,KIL_MI,2020-07-25
MI961,MI961,KIL_MI,2020-07-26
MAL019,MAL019,KIL_MAL,2021-08-18
RA089,RA089,KIL_RA,2021-08-18
MAL036,MAL036,KIL_MAL,2021-07-29
RA029,RA029,KIL_RA,2021-07-29
RA047,RA047,KIL_RA,2021-07-25
RA048,RA048,KIL_RA,2021-07-25
RA041,RA041,KIL_RA,2021-08-16
RA042,RA042,KIL_RA,2021-08-16
RA039,RA039,KIL_RA,2021-08-16
RA038,RA038,KIL_RA,2021-08-16
RA036,RA036,KIL_RA,2021-08-16
RA037,RA037,KIL_RA,2021-08-16
RA043,RA043,KIL_RA,2021-08-16
RA046,RA046,KIL_RA,2021-07-25
RA044,RA044,KIL_RA,2021-07-25
RA045,RA045,KIL_RA,2021-07-25
RA090,RA090,KIL_RA,2021-08-18
RA091,RA091,KIL_RA,2021-08-18
RA087,RA087,KIL_RA,2021-08-18
RA088,RA088,KIL_RA,2021-08-18
RA094,RA094,KIL_RA,2021-08-18
RA034,RA034,KIL_RA,2021-08-14
RA035,RA035,KIL_RA,2021-08-16
RA032,RA032,KIL_RA,2021-08-16
RA033,RA033,KIL_RA,2021-08-16
RA031,RA031,KIL_RA,2021-08-16
RA054,RA054,KIL_RA,2021-08-13
RA052,RA052,KIL_RA,2021-08-13
RA053,RA053,KIL_RA,2021-08-13
RA050,RA050,KIL_RA,2021-08-14
RA051,RA051,KIL_RA,2021-08-13
RA055,RA055,KIL_RA,2021-08-13
RA063,RA063,KIL_RA,2021-08-08
RA064,RA064,KIL_RA,2021-08-08
RA066,RA066,KIL_RA,2021-08-08
RA065,RA065,KIL_RA,2021-08-08
RA079,RA079,KIL_RA,2021-08-03
RA080,RA080,KIL_RA,2021-08-03
RA077,RA077,KIL_RA,2021-08-03
RA078,RA078,KIL_RA,2021-08-03
RA071,RA071,KIL_RA,2021-07-17
RA069,RA069,KIL_RA,2021-07-17
RA070,RA070,KIL_RA,2021-07-17
RA068,RA068,KIL_RA,2021-07-18
RA067,RA067,KIL_RA,2021-07-18
RA095,RA095,KIL_RA,2021-08-18
RA101,RA101,KIL_RA,2021-08-18
RA096,RA096,KIL_RA,2021-08-18
AIL101,AIL101,KIL_AIL,2021-07-31
AIL102,AIL102,KIL_AIL,2021-07-31
AIL103,AIL103,KIL_AIL,2021-07-31
AIL104,AIL104,KIL_AIL,2021-07-31
AIL105,AIL105,KIL_AIL,2021-07-31
AIL106,AIL106,KIL_AIL,2021-07-31
AIL116,AIL116,KIL_AIL,2021-07-31
AIL126,AIL126,KIL_AIL,2021-07-31
AIL125,AIL125,KIL_AIL,2021-07-31
AIL115,AIL115,KIL_AIL,2021-07-31
RA083,RA083,KIL_RA,2021-07-27
RA086,RA086,KIL_RA,2021-07-27
RA084,RA084,KIL_RA,2021-07-27
RA085,RA085,KIL_RA,2021-08-13
RA085,RA085,KIL_RA,2021-07-27
RA027,RA027,KIL_RA,2021-07-27
RA057,RA057,KIL_RA,2021-07-25
RA061,RA061,KIL_RA,2021-07-25
RA060,RA060,KIL_RA,2021-07-25
RA059,RA059,KIL_RA,2021-07-25
RA058,RA058,KIL_RA,2021-07-25
RA081,RA081,KIL_RA,2021-07-27
RA082,RA082,KIL_RA,2021-07-27
MI103,MI103,KIL_MI,2021-07-26
MI1043,MI1043,KIL_MI,2021-07-25
MI1057,MI1057,KIL_MI,2021-07-25
MI1069,MI1069,KIL_MI,2021-07-27
MI1105,MI1105,KIL_MI,2021-07-27
MI1117,MI1117,KIL_MI,2021-07-27
MI11204,MI11204,KIL_MI,2021-07-25
MI11208,MI11208,KIL_MI,2021-07-25
MI11214,MI11214,KIL_MI,2021-07-27
MI11216,MI11216,KIL_MI,2021-07-27
MI11219,MI11219,KIL_MI,2021-07-25
MI11225,MI11225,KIL_MI,2021-07-27
MI11226,MI11226,KIL_MI,2021-07-27
MI11227,MI11227,KIL_MI,2021-07-27
MI11228,MI11228,KIL_MI,2021-07-27
MI11229,MI11229,KIL_MI,2021-07-27
MI1123,MI1123,KIL_MI,2021-07-25
MI11230,MI11230,KIL_MI,2021-07-27
MI11231,MI11231,KIL_MI,2021-07-27
MI11232,MI11232,KIL_MI,2021-07-27
MI11233,MI11233,KIL_MI,2021-07-27
MI1195,MI1195,KIL_MI,2021-07-27
MI151,MI151,KIL_MI,2021-07-26
MI19,MI19,KIL_MI,2021-07-26
MI235,MI235,KIL_MI,2021-07-26
MI247,MI247,KIL_MI,2021-07-25
MI259,MI259,KIL_MI,2021-07-26
MI343,MI343,KIL_MI,2021-07-26
MI367,MI367,KIL_MI,2021-07-25
MI422,MI422,KIL_MI,2021-07-26
MI475,MI475,KIL_MI,2021-07-26
MI511,MI511,KIL_MI,2021-07-26
MI529,MI529,KIL_MI,2021-07-25
MI547,MI547,KIL_MI,2021-07-26
MI553,MI553,KIL_MI,2021-07-26
MI583,MI583,KIL_MI,2021-07-26
MI607,MI607,KIL_MI,2021-07-25
MI667,MI667,KIL_MI,2021-07-26
MI679,MI679,KIL_MI,2021-07-27
MI685,MI685,KIL_MI,2021-07-25
MI697,MI697,KIL_MI,2021-07-25
MI747,MI747,KIL_MI,2021-07-26
MI751,MI751,KIL_MI,2021-07-27
MI757,MI757,KIL_MI,2021-07-27
MI799,MI799,KIL_MI,2021-07-27
MI805,MI805,KIL_MI,2021-07-25
MI895,MI895,KIL_MI,2021-07-25
MI907,MI907,KIL_MI,2021-07-27
MI949,MI949,KIL_MI,2021-07-27
MI961,MI961,KIL_MI,2021-07-25
RA217,RA217,KIL_RA,2022-08-16
RA218,RA218,KIL_RA,2022-08-16
RA219,RA219,KIL_RA,2022-08-16
RA220,RA220,KIL_RA,2022-08-16
RA221,RA221,KIL_RA,2022-08-16
RA028,RA028,KIL_RA,2022-08-14
RA216,RA216,KIL_RA,2022-08-14
RA040,RA040,KIL_RA,2022-08-13
RA072,RA072,KIL_RA,2022-08-14
RA049,RA049,KIL_RA,2022-08-09
RA213,RA213,KIL_RA,2022-08-10
RA214,RA214,KIL_RA,2022-08-10
RA215,RA215,KIL_RA,2022-08-10
RA204,RA204,KIL_RA,2022-07-28
RA205,RA205,KIL_RA,2022-07-28
RA206,RA206,KIL_RA,2022-07-28
RA207,RA207,KIL_RA,2022-07-28
RA208,RA208,KIL_RA,2022-07-28
RA209,RA209,KIL_RA,2022-07-28
RA011,RA011,KIL_RA,2022-07-28
RA210,RA210,KIL_RA,2022-07-28
RA211,RA211,KIL_RA,2022-07-28
RA212,RA212,KIL_RA,2022-07-28
RA010,RA010,KIL_RA,2022-07-28
MAL058,MAL058,KIL_MAL,2022-07-23
MAL067,MAL067,KIL_MAL,2022-07-23
RA200,RA200,KIL_RA,2022-07-26
RA201,RA201,KIL_RA,2022-07-26
RA202,RA202,KIL_RA,2022-07-26
RA203,RA203,KIL_RA,2022-07-26
MAL057,MAL057,KIL_MAL,2022-07-23
MAL047,MAL047,KIL_MAL,2022-07-23
MAL049,MAL049,KIL_MAL,2022-07-23
MAL048,MAL048,KIL_MAL,2022-07-23
MAL059,MAL059,KIL_MAL,2022-07-23
MAL068,MAL068,KIL_MAL,2022-07-23
AIL161,AIL161,KIL_AIL,2022-07-20
AIL162,AIL162,KIL_AIL,2022-07-20
MAL065,MAL065,KIL_MAL,2022-07-19
MAL066,MAL066,KIL_MAL,2022-07-19
MAL046,MAL046,KIL_MAL,2022-07-19
MAL055,MAL055,KIL_MAL,2022-07-19
AIL111,AIL111,KIL_AIL,2022-07-12
AIL121,AIL121,KIL_AIL,2022-07-12
AIL131,AIL131,KIL_AIL,2022-07-12
AIL122,AIL122,KIL_AIL,2022-07-12
AIL132,AIL132,KIL_AIL,2022-07-12
RA075,RA075,KIL_RA,2022-07-13
RA076,RA076,KIL_RA,2022-07-13
RA074,RA074,KIL_RA,2022-07-13
RA073,RA073,KIL_RA,2022-07-13
RA007,RA007,KIL_RA,2022-07-14
RA009,RA009,KIL_RA,2022-07-14
RA003,RA003,KIL_RA,2022-07-14
MAL009,MAL009,KIL_MAL,2022-07-18
MAL010,MAL010,KIL_MAL,2022-07-18
MAL018,MAL018,KIL_MAL,2022-07-18
MAL008,MAL008,KIL_MAL,2022-07-18
RA093,RA093,KIL_RA,2022-07-18
RA092,RA092,KIL_RA,2022-07-18
MAL064,MAL064,KIL_MAL,2022-07-19
MAL075,MAL075,KIL_MAL,2022-07-19
L2,L2,KIL_L,2022-07-11
L3,L3,KIL_L,2022-07-12
L1,L1,KIL_L,2022-07-12
L25,L25,KIL_L,2022-07-12
L24,L24,KIL_L,2022-07-12
L23,L23,KIL_L,2022-07-12
L21,L21,KIL_L,2022-07-13
L5,L5,KIL_L,2022-07-14
L22,L22,KIL_L,2022-07-13
L20,L20,KIL_L,2022-07-13
L19,L19,KIL_L,2022-07-14
L7,L7,KIL_L,2022-07-14
L9,L9,KIL_L,2022-07-19
L10,L10,KIL_L,2022-07-19
L11,L11,KIL_L,2022-07-19
L14,L14,KIL_L,2022-07-19
L13,L13,KIL_L,2022-07-20
L12,L12,KIL_L,2022-07-20
L15,L15,KIL_L,2022-07-20
L6,L6,KIL_L,2022-07-20
L16,L16,KIL_L,2022-07-23
L18,L18,KIL_L,2022-07-23
MI103,MI103,KIL_MI,2022-07-24
MI1043,MI1043,KIL_MI,2022-07-24
MI1057,MI1057,KIL_MI,2022-07-25
MI1069,MI1069,KIL_MI,2022-07-25
MI1105,MI1105,KIL_MI,2022-07-25
MI1117,MI1117,KIL_MI,2022-07-25
MI11204,MI11204,KIL_MI,2022-07-24
MI11208,MI11208,KIL_MI,2022-07-24
MI11214,MI11214,KIL_MI,2022-07-25
MI11216,MI11216,KIL_MI,2022-07-25
MI11219,MI11219,KIL_MI,2022-07-24
MI11225,MI11225,KIL_MI,2022-07-25
MI11226,MI11226,KIL_MI,2022-07-25
MI11227,MI11227,KIL_MI,2022-07-25
MI11228,MI11228,KIL_MI,2022-07-25
MI11229,MI11229,KIL_MI,2022-07-25
MI1123,MI1123,KIL_MI,2022-07-24
MI11230,MI11230,KIL_MI,2022-07-25
MI11231,MI11231,KIL_MI,2022-07-25
MI11232,MI11232,KIL_MI,2022-07-25
MI11233,MI11233,KIL_MI,2022-07-25
MI1195,MI1195,KIL_MI,2022-07-25
MI151,MI151,KIL_MI,2022-07-25
MI19,MI19,KIL_MI,2022-07-24
MI235,MI235,KIL_MI,2022-07-25
MI247,MI247,KIL_MI,2022-07-24
MI259,MI259,KIL_MI,2022-07-24
MI343,MI343,KIL_MI,2022-07-24
MI367,MI367,KIL_MI,2022-07-24
MI422,MI422,KIL_MI,2022-07-24
MI475,MI475,KIL_MI,2022-07-25
MI511,MI511,KIL_MI,2022-07-24
MI529,MI529,KIL_MI,2022-07-24
MI547,MI547,KIL_MI,2022-07-24
MI553,MI553,KIL_MI,2022-07-25
MI583,MI583,KIL_MI,2022-07-24
MI607,MI607,KIL_MI,2022-07-24
MI667,MI667,KIL_MI,2022-07-24
MI679,MI679,KIL_MI,2022-07-25
MI685,MI685,KIL_MI,2022-07-24
MI697,MI697,KIL_MI,2022-07-25
MI747,MI747,KIL_MI,2022-07-24
MI751,MI751,KIL_MI,2022-07-24
MI757,MI757,KIL_MI,2022-07-25
MI799,MI799,KIL_MI,2022-07-25
MI805,MI805,KIL_MI,2022-07-24
MI895,MI895,KIL_MI,2022-07-25
MI907,MI907,KIL_MI,2022-07-25
MI949,MI949,KIL_MI,2022-07-25
MI961,MI961,KIL_MI,2022-07-24
RA314,RA314,KIL_RA,2023-07-12
RA313,RA313,KIL_RA,2023-07-12
RA317,RA317,KIL_RA,2023-07-12
RA318,RA318,KIL_RA,2023-07-12
RA323,RA323,KIL_RA,2023-07-20
RA305,RA305,KIL_RA,2023-07-20
RA312,RA312,KIL_RA,2023-07-12
RA316,RA316,KIL_RA,2023-07-12
RA048,RA048,KIL_RA,2023-07-20
RA052,RA052,KIL_RA,2023-07-20
RA045,RA045,KIL_RA,2023-07-20
RA046,RA046,KIL_RA,2023-07-20
X30,X30,KIL_X,2023-07-20
MI961,MI961,KIL_MI,2023-07-24
MI1043,MI1043,KIL_MI,2023-07-24
MI607,MI607,KIL_MI,2023-07-24
MI1123,MI1123,KIL_MI,2023-07-24
MI805,MI805,KIL_MI,2023-07-24
MI11204,MI11204,KIL_MI,2023-07-24
MI11208,MI11208,KIL_MI,2023-07-24
MI685,MI685,KIL_MI,2023-07-24
MI11219,MI11219,KIL_MI,2023-07-24
MI529,MI529,KIL_MI,2023-07-23
MI367,MI367,KIL_MI,2023-07-23
MI11216,MI11216,KIL_MI,2023-07-22
MI11214,MI11214,KIL_MI,2023-07-22
MI247,MI247,KIL_MI,2023-07-19
MI1069,MI1069,KIL_MI,2023-07-19
MI1105,MI1105,KIL_MI,2023-07-19
MI907,MI907,KIL_MI,2023-07-19
MI949,MI949,KIL_MI,2023-07-19
MI679,MI679,KIL_MI,2023-07-22
MI799,MI799,KIL_MI,2023-07-22
MI11225,MI11225,KIL_MI,2023-07-22
MI757,MI757,KIL_MI,2023-07-22
MI11229,MI11229,KIL_MI,2023-07-20
MI11226,MI11226,KIL_MI,2023-07-20
MI11227,MI11227,KIL_MI,2023-07-20
MI11228,MI11228,KIL_MI,2023-07-20
MI11233,MI11233,KIL_MI,2023-07-20
MI11232,MI11232,KIL_MI,2023-07-20
MI11231,MI11231,KIL_MI,2023-07-20
MI11230,MI11230,KIL_MI,2023-07-20
MI1117,MI1117,KIL_MI,2023-07-20
MI1195,MI1195,KIL_MI,2023-07-20
X09,X09,KIL_X,2023-07-18
X08,X08,KIL_X,2023-07-18
MI583,MI583,KIL_MI,2023-07-18
MI697,MI697,KIL_MI,2023-07-18
MI895,MI895,KIL_MI,2023-07-18
MI1057,MI1057,KIL_MI,2023-07-18
MI422,MI422,KIL_MI,2023-07-18
MI547,MI547,KIL_MI,2023-07-18
MI343,MI343,KIL_MI,2023-07-18
MI259,MI259,KIL_MI,2023-07-17
MI19,MI19,KIL_MI,2023-07-17
MI103,MI103,KIL_MI,2023-07-17
MI151,MI151,KIL_MI,2023-07-14
MI235,MI235,KIL_MI,2023-07-14
MI475,MI475,KIL_MI,2023-07-14
MI553,MI553,KIL_MI,2023-07-14
MI511,MI511,KIL_MI,2023-07-14
MI751,MI751,KIL_MI,2023-07-14
MI747,MI747,KIL_MI,2023-07-14
MI667,MI667,KIL_MI,2023-07-14
X21,X21,KIL_X,2023-07-13
X19,X19,KIL_X,2023-07-13
X20,X20,KIL_X,2023-07-13
X17,X17,KIL_X,2023-07-13
X18,X18,KIL_X,2023-07-13
X15,X15,KIL_X,2023-07-13
X16,X16,KIL_X,2023-07-13
L31,L31,KIL_L,2023-07-12
X28,X28,KIL_X,2023-07-12
X29,X29,KIL_X,2023-07-12
L29,L29,KIL_L,2023-07-12
L30,L30,KIL_L,2023-07-12
X27,X27,KIL_X,2023-07-12
L28,L28,KIL_L,2023-07-12
X39,X39,KIL_X,2023-07-11
X26,X26,KIL_X,2023-07-11
X25,X25,KIL_X,2023-07-11
X40,X40,KIL_X,2023-07-11
L26,L26,KIL_L,2023-07-11
L27,L27,KIL_L,2023-07-11
X36,X36,KIL_X,2023-07-10
X35,X35,KIL_X,2023-07-10
X23,X23,KIL_X,2023-07-10
X22,X22,KIL_X,2023-07-10
X38,X38,KIL_X,2023-07-08
X11,X11,KIL_X,2023-07-08
X10,X10,KIL_X,2023-07-08
X12,X12,KIL_X,2023-07-08
X13,X13,KIL_X,2023-07-07
X14,X14,KIL_X,2023-07-07
X01,X01,KIL_X,2023-07-07
X02,X02,KIL_X,2023-07-07
X04,X04,KIL_X,2023-07-07
X05,X05,KIL_X,2023-07-07
X06,X06,KIL_X,2023-07-07
X07,X07,KIL_X,2023-07-07
L33,L33,KIL_L,2023-07-06
L32,L32,KIL_L,2023-07-06
L35,L35,KIL_L,2023-07-06
L34,L34,KIL_L,2023-07-06
SE01A,SE01,KIL_EXP,2023-07-13
SE01B,SE01,KIL_EXP,2023-07-13
AE08E,AE08,KIL_EXP,2023-07-22
AE08F,AE08,KIL_EXP,2023-07-22
AE08C,AE08,KIL_EXP,2023-07-22
AE08D,AE08,KIL_EXP,2023-07-22
AE06E,AE06,KIL_EXP,2023-07-21
AE06F,AE06,KIL_EXP,2023-07-21
AE06C,AE06,KIL_EXP,2023-07-21
AE06D,AE06,KIL_EXP,2023-07-21
AE07C,AE07,KIL_EXP,2023-07-22
AE07D,AE07,KIL_EXP,2023-07-22
AE07A,AE07,KIL_EXP,2023-07-22
AE07B,AE07,KIL_EXP,2023-07-22
AE05C,AE05,KIL_EXP,2023-07-18
AE05A,AE05,KIL_EXP,2023-07-18
AE05B,AE05,KIL_EXP,2023-07-18
AE04C,AE04,KIL_EXP,2023-07-18
AE04D,AE04,KIL_EXP,2023-07-18
AE04A,AE04,KIL_EXP,2023-07-18
AE04B,AE04,KIL_EXP,2023-07-18
AE04F,AE04,KIL_EXP,2023-07-18
AE04E,AE04,KIL_EXP,2023-07-18
AE03E,AE03,KIL_EXP,2023-07-18
AE03F,AE03,KIL_EXP,2023-07-18
AE03C,AE03,KIL_EXP,2023-07-18
AE03D,AE03,KIL_EXP,2023-07-18
SE03C,SE03,KIL_EXP,2023-07-26
SE03D,SE03,KIL_EXP,2023-07-26
SE03A,SE03,KIL_EXP,2023-07-26
SE03B,SE03,KIL_EXP,2023-07-26
SE03E,SE03,KIL_EXP,2023-07-26
SE03F,SE03,KIL_EXP,2023-07-26
SE04A,SE04,KIL_EXP,2023-07-26
SE04B,SE04,KIL_EXP,2023-07-26
AE06A,AE06,KIL_EXP,2023-07-19
AE06B,AE06,KIL_EXP,2023-07-19
AE05F,AE05,KIL_EXP,2023-07-19
AE05D,AE05,KIL_EXP,2023-07-19
AE05E,AE05,KIL_EXP,2023-07-19
SE02E,SE02,KIL_EXP,2023-07-25
SE02F,SE02,KIL_EXP,2023-07-25
SE02C,SE02,KIL_EXP,2023-07-25
SE02D,SE02,KIL_EXP,2023-07-25
SE02A,SE02,KIL_EXP,2023-07-25
SE02B,SE02,KIL_EXP,2023-07-25
SE01C,SE01,KIL_EXP,2023-07-25
SE01D,SE01,KIL_EXP,2023-07-25
SE01E,SE01,KIL_EXP,2023-07-25
SE01F,SE01,KIL_EXP,2023-07-25
AE09E,AE09,KIL_EXP,2023-07-24
AE09F,AE09,KIL_EXP,2023-07-24
AE09C,AE09,KIL_EXP,2023-07-24
AE09D,AE09,KIL_EXP,2023-07-24
AE12C,AE12,KIL_EXP,2023-07-23
AE12D,AE12,KIL_EXP,2023-07-23
AE12A,AE12,KIL_EXP,2023-07-23
AE12B,AE12,KIL_EXP,2023-07-23
AE11C,AE11,KIL_EXP,2023-07-23
AE11D,AE11,KIL_EXP,2023-07-23
AE11A,AE11,KIL_EXP,2023-07-23
AE11B,AE11,KIL_EXP,2023-07-23
AE11E,AE11,KIL_EXP,2023-07-23
AE11F,AE11,KIL_EXP,2023-07-23
AE12E,AE12,KIL_EXP,2023-07-23
AE12F,AE12,KIL_EXP,2023-07-23
AE10C,AE10,KIL_EXP,2023-07-24
AE10D,AE10,KIL_EXP,2023-07-24
AE10A,AE10,KIL_EXP,2023-07-24
AE10B,AE10,KIL_EXP,2023-07-24
AE09A,AE09,KIL_EXP,2023-07-24
AE09B,AE09,KIL_EXP,2023-07-24
AE10E,AE10,KIL_EXP,2023-07-24
AE10F,AE10,KIL_EXP,2023-07-24
SE05E,SE05,KIL_EXP,2023-08-09
SE05F,SE05,KIL_EXP,2023-08-09
SE05C,SE05,KIL_EXP,2023-08-09
SE05D,SE05,KIL_EXP,2023-08-09
SE06C,SE06,KIL_EXP,2023-08-09
SE06D,SE06,KIL_EXP,2023-08-09
SE06A,SE06,KIL_EXP,2023-08-09
SE06B,SE06,KIL_EXP,2023-08-09
SE10E,SE10,KIL_EXP,2023-08-13
SE10F,SE10,KIL_EXP,2023-08-13
SE08C,SE08,KIL_EXP,2023-08-13
SE08D,SE08,KIL_EXP,2023-08-13
SE08A,SE08,KIL_EXP,2023-08-13
SE08B,SE08,KIL_EXP,2023-08-13
SE09A,SE09,KIL_EXP,2023-08-13
SE09B,SE09,KIL_EXP,2023-08-13
SE08E,SE08,KIL_EXP,2023-08-13
SE08F,SE08,KIL_EXP,2023-08-13
SE10A,SE10,KIL_EXP,2023-08-13
SE10B,SE10,KIL_EXP,2023-08-13
SE10C,SE10,KIL_EXP,2023-08-13
SE10D,SE10,KIL_EXP,2023-08-13
SE09C,SE09,KIL_EXP,2023-08-13
SE09D,SE09,KIL_EXP,2023-08-13
SE09E,SE09,KIL_EXP,2023-08-13
SE09F,SE09,KIL_EXP,2023-08-13
SE12E,SE12,KIL_EXP,2023-08-15
SE12F,SE12,KIL_EXP,2023-08-15
SE12C,SE12,KIL_EXP,2023-08-15
SE12D,SE12,KIL_EXP,2023-08-15
SE11C,SE11,KIL_EXP,2023-08-15
SE11D,SE11,KIL_EXP,2023-08-15
SE11A,SE11,KIL_EXP,2023-08-15
SE11B,SE11,KIL_EXP,2023-08-15
SE12A,SE12,KIL_EXP,2023-08-15
SE12B,SE12,KIL_EXP,2023-08-15
SE11E,SE11,KIL_EXP,2023-08-15
SE11F,SE11,KIL_EXP,2023-08-15
SE04C,SE04,KIL_EXP,2023-07-26
SE05A,SE05,KIL_EXP,2023-08-08
SE05B,SE05,KIL_EXP,2023-08-08
SE04F,SE04,KIL_EXP,2023-08-08
SE04D,SE04,KIL_EXP,2023-08-08
SE04E,SE04,KIL_EXP,2023-08-08
AE03A,AE03,KIL_EXP,2023-07-17
AE03B,AE03,KIL_EXP,2023-07-17
AE02E,AE02,KIL_EXP,2023-07-17
AE02F,AE02,KIL_EXP,2023-07-17
AE01E,AE01,KIL_EXP,2023-07-14
AE01F,AE01,KIL_EXP,2023-07-14
AE01C,AE01,KIL_EXP,2023-07-14
AE01D,AE01,KIL_EXP,2023-07-14
AE01A,AE01,KIL_EXP,2023-07-14
AE01B,AE01,KIL_EXP,2023-07-14
AE02C,AE02,KIL_EXP,2023-07-17
AE02D,AE02,KIL_EXP,2023-07-17
AE02A,AE02,KIL_EXP,2023-07-17
AE02B,AE02,KIL_EXP,2023-07-17
AE08A,AE08,KIL_EXP,2023-07-21
AE08B,AE08,KIL_EXP,2023-07-21
AE07E,AE07,KIL_EXP,2023-07-21
AE07F,AE07,KIL_EXP,2023-07-21
SE07C,SE07,KIL_EXP,2023-08-11
SE07D,SE07,KIL_EXP,2023-08-11
SE07A,SE07,KIL_EXP,2023-08-11
SE07B,SE07,KIL_EXP,2023-08-11
SE06E,SE06,KIL_EXP,2023-08-09
SE06F,SE06,KIL_EXP,2023-08-09
SE07E,SE07,KIL_EXP,2023-08-11
SE07F,SE07,KIL_EXP,2023-08-11
RA326,RA326,KIL_RA,2024-07-07
RA325,RA325,KIL_RA,2024-07-07
RA301,RA301,KIL_RA,2024-07-07
RA302,RA302,KIL_RA,2024-07-07
RA324,RA324,KIL_RA,2024-07-07
RA315,RA315,KIL_RA,2024-07-07
RA307,RA307,KIL_RA,2024-07-08
RA306,RA306,KIL_RA,2024-07-08
RA321,RA321,KIL_RA,2024-07-08
RA329,RA329,KIL_RA,2024-07-08
RA322,RA322,KIL_RA,2024-07-08
RA319,RA319,KIL_RA,2024-07-09
SAL030,SAL030,KIL_RA,2024-07-15
SAL009,SAL009,KIL_RA,2024-07-17
SAL028,SAL028,KIL_RA,2024-07-17
SAL007,SAL007,KIL_RA,2024-07-17
SAL008,SAL008,KIL_RA,2024-07-17
RA310,RA310,KIL_RA,2024-07-21
RA311,RA311,KIL_RA,2024-07-21
RA308,RA308,KIL_RA,2024-07-21
RA309,RA309,KIL_RA,2024-07-21
AIL172,AIL172,KIL_AIL,2024-08-03
AIL171,AIL171,KIL_AIL,2024-08-03
AIL173,AIL173,KIL_AIL,2024-08-03
AIL123,AIL123,KIL_AIL,2024-08-03
AIL114,AIL114,KIL_AIL,2024-08-03
AIL124,AIL124,KIL_AIL,2024-08-03
RA328,RA328,KIL_RA,2024-08-03
AIL146,AIL146,KIL_AIL,2024-08-03
AIL134,AIL134,KIL_AIL,2024-08-03
AIL122,AIL122,KIL_AIL,2024-08-03
AIL113,AIL113,KIL_AIL,2024-08-03
SAL001,SAL001,KIL_RA,2024-07-27
SAL003,SAL003,KIL_RA,2024-07-27
SAL004,SAL004,KIL_RA,2024-07-27
SAL005,SAL005,KIL_RA,2024-07-27
RA304,RA304,KIL_RA,2024-07-27
RA303,RA303,KIL_RA,2024-07-27
SAL025,SAL025,KIL_RA,2024-08-05
SAL024,SAL024,KIL_RA,2024-08-05
SAL029,SAL029,KIL_RA,2024-08-05
SAL026,SAL026,KIL_RA,2024-08-05
SAL032,SAL032,KIL_RA,2024-08-05
SAL031,SAL031,KIL_RA,2024-08-05
SAL017,SAL017,KIL_RA,2024-08-05
SAL019,SAL019,KIL_RA,2024-08-05
SAL006,SAL006,KIL_RA,2024-08-05
SAL016,SAL016,KIL_RA,2024-08-05
AIL151,AIL151,KIL_AIL,2024-08-03
AIL141,AIL141,KIL_AIL,2024-08-03
MI103,MI103,KIL_MI,2024-07-18
MI1043,MI1043,KIL_MI,2024-07-17
MI1057,MI1057,KIL_MI,2024-07-18
MI1069,MI1069,KIL_MI,2024-07-18
MI1105,MI1105,KIL_MI,2024-07-18
MI1117,MI1117,KIL_MI,2024-07-18
MI11204,MI11204,KIL_MI,2024-07-17
MI11208,MI11208,KIL_MI,2024-07-17
MI11214,MI11214,KIL_MI,2024-07-18
MI11216,MI11216,KIL_MI,2024-07-18
MI11219,MI11219,KIL_MI,2024-07-17
MI11225,MI11225,KIL_MI,2024-07-18
MI11226,MI11226,KIL_MI,2024-07-18
MI11227,MI11227,KIL_MI,2024-07-18
MI11228,MI11228,KIL_MI,2024-07-18
MI11229,MI11229,KIL_MI,2024-07-18
MI1123,MI1123,KIL_MI,2024-07-17
MI11230,MI11230,KIL_MI,2024-07-18
MI11231,MI11231,KIL_MI,2024-07-18
MI11232,MI11232,KIL_MI,2024-07-18
MI11233,MI11233,KIL_MI,2024-07-18
MI1195,MI1195,KIL_MI,2024-07-18
MI151,MI151,KIL_MI,2024-07-18
MI19,MI19,KIL_MI,2024-07-17
MI235,MI235,KIL_MI,2024-07-18
MI247,MI247,KIL_MI,2024-07-17
MI259,MI259,KIL_MI,2024-07-18
MI259,MI259,KIL_MI,2024-06-11
MI259,MI259,KIL_MI,2024-06-17
MI259,MI259,KIL_MI,2024-06-22
MI259,MI259,KIL_MI,2024-07-01
MI259,MI259,KIL_MI,2024-07-09
MI259,MI259,KIL_MI,2024-07-16
MI259,MI259,KIL_MI,2024-07-23
MI259,MI259,KIL_MI,2024-07-30
MI259,MI259,KIL_MI,2024-08-05
MI259,MI259,KIL_MI,2024-08-13
MI259,MI259,KIL_MI,2024-08-20
MI259,MI259,KIL_MI,2024-08-26
MI259,MI259,KIL_MI,2024-09-02
MI259,MI259,KIL_MI,2024-09-09
MI259,MI259,KIL_MI,2024-09-17
MI343,MI343,KIL_MI,2024-07-18
MI367,MI367,KIL_MI,2024-07-17
MI422,MI422,KIL_MI,2024-07-18
MI475,MI475,KIL_MI,2024-07-18
MI511,MI511,KIL_MI,2024-07-18
MI529,MI529,KIL_MI,2024-07-17
MI547,MI547,KIL_MI,2024-07-18
MI553,MI553,KIL_MI,2024-07-18
MI583,MI583,KIL_MI,2024-07-18
MI607,MI607,KIL_MI,2024-07-17
MI667,MI667,KIL_MI,2024-07-18
MI679,MI679,KIL_MI,2024-07-18
MI685,MI685,KIL_MI,2024-07-17
MI697,MI697,KIL_MI,2024-07-18
MI747,MI747,KIL_MI,2024-07-18
MI751,MI751,KIL_MI,2024-07-18
MI757,MI757,KIL_MI,2024-07-18
MI799,MI799,KIL_MI,2024-07-18
MI805,MI805,KIL_MI,2024-07-17
MI895,MI895,KIL_MI,2024-07-18
MI907,MI907,KIL_MI,2024-07-18
MI949,MI949,KIL_MI,2024-07-18
MI961,MI961,KIL_MI,2024-07-17
RA009,RA009,KIL_RA,2024-06-11
RA009,RA009,KIL_RA,2024-06-17
RA009,RA009,KIL_RA,2024-06-22
RA009,RA009,KIL_RA,2024-07-01
RA009,RA009,KIL_RA,2024-07-09
RA009,RA009,KIL_RA,2024-07-16
RA009,RA009,KIL_RA,2024-07-24
RA009,RA009,KIL_RA,2024-07-30
RA009,RA009,KIL_RA,2024-08-06
RA009,RA009,KIL_RA,2024-08-13
RA009,RA009,KIL_RA,2024-08-20
RA009,RA009,KIL_RA,2024-08-26
RA009,RA009,KIL_RA,2024-09-02
RA009,RA009,KIL_RA,2024-09-10
RA009,RA009,KIL_RA,2024-09-17
RA068,RA068,KIL_RA,2024-06-11
RA068,RA068,KIL_RA,2024-06-17
RA068,RA068,KIL_RA,2024-06-22
RA068,RA068,KIL_RA,2024-07-01
RA068,RA068,KIL_RA,2024-07-09
RA068,RA068,KIL_RA,2024-07-16
RA068,RA068,KIL_RA,2024-07-23
RA068,RA068,KIL_RA,2024-07-30
RA068,RA068,KIL_RA,2024-08-05
RA068,RA068,KIL_RA,2024-08-13
RA068,RA068,KIL_RA,2024-08-20
RA068,RA068,KIL_RA,2024-08-26
RA068,RA068,KIL_RA,2024-09-02
RA068,RA068,KIL_RA,2024-09-09
RA068,RA068,KIL_RA,2024-09-17
PAL028,PAL028,PAL,2024-06-30
PAL029,PAL029,PAL,2024-06-30
PAL057,PAL057,PAL,2024-07-01
PAL059,PAL059,PAL,2024-07-01
PAL060,PAL060,PAL,2024-07-01
PAL104,PAL104,PAL,2024-06-30
PAL105,PAL105,PAL,2024-06-30
PAL106,PAL106,PAL,2024-06-30
PAL108,PAL108,PAL,2024-06-30
PAL109,PAL109,PAL,2024-06-30
PAL110,PAL110,PAL,2024-06-30
PAL132,PAL132,PAL,2024-07-01
PAL133,PAL133,PAL,2024-07-01
PAL134,PAL134,PAL,2024-07-01
PAL135,PAL135,PAL,2024-07-01
PAL136,PAL136,PAL,2024-07-01
PAL137,PAL137,PAL,2024-07-01
PAL138,PAL138,PAL,2024-07-01
PAL139,PAL139,PAL,2024-07-01
PAL186,PAL186,PAL,2024-06-30
PAL187,PAL187,PAL,2024-06-30
PAL189,PAL189,PAL,2024-06-30
PAL190,PAL190,PAL,2024-06-30
